<?xml version="1.0"?>
<assembly>
    <id>uberjar</id>
    <formats>
        <format>jar</format>
    </formats>
    <includeBaseDirectory>false</includeBaseDirectory>
    <dependencySets>
        <dependencySet>
            <outputDirectory>/</outputDirectory>
            <useProjectArtifact>true</useProjectArtifact>
            <useTransitiveFiltering>true</useTransitiveFiltering>
            <unpack>true</unpack>
            <includes>
                <include>org.xbib.elasticsearch.importer:elasticsearch-jdbc</include>
                <include>org.xbib.elasticsearch.plugin:elasticsearch-helper</include>
                <include>org.xbib.jdbc</include>
                <include>org.elasticsearch:elasticsearch</include>
                <include>org.apache.lucene:lucene-core</include>
                <include>org.apache.lucene:lucene-analyzers-common</include>
                <include>com.fasterxml.jackson.core</include>
                <include>com.fasterxml.jackson.dataformat</include>
                <include>com.google.guava:guava</include>
                <include>joda-time:joda-time</include>
                <include>com.carrotsearch:hppc</include>
                <include>com.twitter:jsr166e</include>
                <include>com.spatial4j:spatial4j</include>
                <include>com.vividsolutions:jts</include>
                <include>org.apache.logging.log4j</include>
                <include>org.slf4j:slf4j-api</include>
            </includes>
        </dependencySet>
    </dependencySets>
</assembly>
