<?xml version="1.0" encoding="UTF-8"?>
<project name="${project.name}">
    <skin>
        <groupId>org.apache.maven.skins</groupId>
        <artifactId>maven-fluido-skin</artifactId>
        <version>1.2.1</version>
    </skin>
    <custom>
        <fluidoSkin>
            <topBarEnabled>true</topBarEnabled>
            <sourceLineNumbersEnabled>true</sourceLineNumbersEnabled>
            <gitHub>
                <projectId>jprante/elasticsearch-river-jdbc</projectId>
                <ribbonOrientation>right</ribbonOrientation>
                <ribbonColor>black</ribbonColor>
            </gitHub>
            <twitter>
                <user>xbib</user>
                <showUser>true</showUser>
                <showFollowers>true</showFollowers>
            </twitter>
        </fluidoSkin>
    </custom>
    <body>
        <links>
            <item name="${project.name}" href="${project.url}"/>
        </links>
        <menu ref="reports"/>
    </body>
</project>